<?xml version="1.0" encoding="utf-8"?>
<unattend xmlns="urn:schemas-microsoft-com:unattend" xmlns:wcm="http://schemas.microsoft.com/WMIConfig/2002/State">
	<settings pass="offlineServicing"></settings>
	<settings pass="windowsPE">
		<component name="Microsoft-Windows-International-Core-WinPE" processorArchitecture="amd64" publicKeyToken="31bf3856ad364e35" language="neutral" versionScope="nonSxS">
			<SetupUILanguage>
				<UILanguage>en-US</UILanguage>
			</SetupUILanguage>
			<InputLocale>0409:00000409</InputLocale>
			<SystemLocale>en-US</SystemLocale>
			<UILanguage>en-US</UILanguage>
			<UserLocale>en-US</UserLocale>
		</component>
	</settings>
	<settings pass="generalize"></settings>
	<settings pass="specialize">
		<component name="Microsoft-Windows-Deployment" processorArchitecture="amd64" publicKeyToken="31bf3856ad364e35" language="neutral" versionScope="nonSxS">
			<RunSynchronous>
				<RunSynchronousCommand wcm:action="add">
					<Order>1</Order>
					<Path>reg.exe add "HKLM\SOFTWARE\Microsoft\Windows\CurrentVersion\OOBE" /v BypassNRO /t REG_DWORD /d 1 /f</Path>
				</RunSynchronousCommand>
			</RunSynchronous>
		</component>
	</settings>
	<settings pass="auditSystem"></settings>
	<settings pass="auditUser"></settings>
	<settings pass="oobeSystem">
		<component name="Microsoft-Windows-International-Core" processorArchitecture="amd64" publicKeyToken="31bf3856ad364e35" language="neutral" versionScope="nonSxS">
			<InputLocale>0409:00000409</InputLocale>
			<SystemLocale>en-US</SystemLocale>
			<UILanguage>en-US</UILanguage>
			<UserLocale>en-US</UserLocale>
		</component>
		<component name="Microsoft-Windows-Shell-Setup" processorArchitecture="amd64" publicKeyToken="31bf3856ad364e35" language="neutral" versionScope="nonSxS">
			<OOBE>
				<ProtectYourPC>3</ProtectYourPC>
				<HideEULAPage>true</HideEULAPage>
				<HideWirelessSetupInOOBE>true</HideWirelessSetupInOOBE>
			</OOBE>
			<UserAccounts>
				<LocalAccounts>
					<LocalAccount wcm:action="add">
						<Name>SysAdmin</Name>
						<DisplayName>SysAdmin</DisplayName>
						<Group>Administrators</Group>
						<Password>
							<Value/>
							<PlainText>true</PlainText>
						</Password>
					</LocalAccount>
				</LocalAccounts>
			</UserAccounts>
		</component>
	</settings>
</unattend>